text,field
"Company Name: TechNova Solutions Inc.", "Text-OrN6IEuUMK"
"Founded: 2005-03-15", "Text-_NjjkC36_y"
"CEO: Sarah Johnson", "Text-R5QrMNRgBI"
"Industry: Information Technology", "Text-t7jthyNnmR"
"Revenue: 450000000", "Text-FjLkuiZK7W"
"Net Income: 52000000", "Text-NyiEFw8Q73"
"Main Products: Cloud Computing Services, AI Solutions, Data Analytics Tools", "Text-r8WYKkKnF5"
"Number of Employees: 1250", "Text-Ftzrb-tq1p"
"Headquarters: 123 Innovation Drive, Silicon Valley, CA 94025", "Text-1eXkNHJD3o"
"Website: https://www.technovasolutions.com", "Text-kmd8gDGQr5"
"Operating Income: 75000000", "Text-3wFskU85I1"
"Market Capitalization: 2500000000", "Text-1Z98_16rNR"
"Profit Margin: 11.56%", "Text-3PhzHkBoTy"
"Return on Equity (ROE): 10.40%", "Text-4RmI85phMZ"
"Debt to Equity Ratio: 0.60", "Text-L8cf1b5HSH"
"Current Ratio: 2.5", "Text-PyO5Ep61Hu"
"P/E Ratio: 48.08", "Text-9eS5I9ALsB"
"Dividend Yield: 1.2%", "Text-3gJPsDhe9O"
"Revenue Growth (YoY): 15.3%", "Text-8U0GZc91Li"
"R&D Expenses: 67500000", "Text-NGQezHBuAX"
"Customer Acquisition Cost: 5000", "Text-LndjQt97gS"
"Customer Lifetime Value: 50000", "Text-ZIXBcKIn2h"
"Market Share: 8.5%", "Text-5b4Zy7Qz3y"
"Competitors: CloudTech Inc., AI Dynamics Corp., DataSphere LLC", "Text-7Cka8b9QGx"
"Recent News: TechNova announces new AI-powered data analytics platform, Q3 earnings exceed analyst expectations, Partnership with major automotive manufacturer for IoT solutions", "Text-KMcNPu7pFe"
"Future Outlook: Expansion into Asian markets planned for next fiscal year, Increasing focus on sustainable tech solutions, Projected growth of 20% in cloud services division", "Text-9phO6QJcBt"
"ESG Initiatives: Carbon neutrality target: 2030, 40% of board members are women, Implemented ethical AI guidelines", "Text-CcNlPQMa7C"
